[
  { "place": "SYD", "region": "AU-NSW", "coordinates": { "lat": "-33.946111", "lon": "151.177222" } },
  { "place": "Wollongong", "region": "AU-NSW", "coordinates": { "lat": "-34.433056", "lon": "150.883056" } },
  { "place": "Sutherland, NSW", "region": "AU-NSW", "coordinates": { "lat": "-34.03314", "lon": "151.0583" } },
  { "place": "Dapto, NSW", "region": "AU-NSW", "coordinates": { "lat": "-34.491667", "lon": "150.791667" } },
  { "place": "Kiama, NSW", "region": "AU-NSW", "coordinates": { "lat": "-34.670833", "lon": "150.854167" } },
  { "place": "Gerringong, NSW", "region": "AU-NSW", "coordinates": { "lat": "-34.75", "lon": "150.833333" } },
  { "place": "Berry, NSW", "region": "AU-NSW", "coordinates": { "lat": "-34.775278", "lon": "150.693889" } },
  { "place": "Nowra, NSW", "region": "AU-NSW", "coordinates": { "lat": "-34.883333", "lon": "150.6" } },
  { "place": "Tomerong, NSW", "region": "AU-NSW", "coordinates": { "lat": "-35.066667", "lon": "150.583333" } },
  { "place": "Wandandian, NSW", "region": "AU-NSW", "coordinates": { "lat": "-35.083333", "lon": "150.5" } },
  { "place": "Conjola, NSW", "region": "AU-NSW", "coordinates": { "lat": "-35.249167", "lon": "150.475833" } },
  { "place": "Milton, NSW", "region": "AU-NSW", "coordinates": { "lat": "-35.316667", "lon": "150.433333" } },
  { "place": "Ulladulla, NSW", "region": "AU-NSW", "coordinates": { "lat": "-35.348611", "lon": "150.467778" } }, 
  { "place": "Batemans Bay", "region": "AU-NSW", "coordinates": {"lat": "-35.708056", "lon": "150.174444" } },
  { "place": "Mogo, NSW", "region": "AU-NSW", "coordinates": {"lat": "-35.783333", "lon": "150.133333" } },
  { "place": "Moruya, NSW", "region": "AU-NSW", "coordinates": { "lat": "-35.911111", "lon": "150.080556" } },
  { "place": "Bodalla, NSW", "region": "AU-NSW", "coordinates": {"lat": "-36.1", "lon": "150.05" } },

  { "place": "YYC", "region": "CA-AB", "coordinates": { "lat": "51.131471", "lon": "-114.010556" } },

  { "place": "FRA", "region": "DE-HE", "coordinates": { "lat": "50.0379326", "lon": "8.562151799999999" } },

  { "place": "CPH", "region": "DK-Capital Region of Denmark", "coordinates": { "lat": "55.6180236", "lon": "12.6507628" } },

  { "place": "TLL", "region": "EE-Harju County", "coordinates": { "lat": "59.4163602", "lon": "24.8027384" } },

  { "place": "LHR", "region": "GB-ENG", "coordinates": { "lat": "51.4700223", "lon": "-0.4542955" } },

  { "place": "RIX", "region": "LV", "coordinates": { "lat": "56.9226554", "lon": "23.9733129" } },

  { "place": "AKL", "region": "NZ-", "coordinates": { "lat": "-37.0082476", "lon": "174.7850358" } },
  { "place": "DUD", "region": "NZ-Otago", "coordinates": { "lat": "-45.9258615", "lon": "170.2021681" } },
  { "place": "WLG", "region": "NZ-Wellington", "coordinates": { "lat": "-41.3275941", "lon": "174.8075984" } },
  { "place": "Dunedin", "region": "NZ-OTA", "coordinates": { "lat": "-45.866667", "lon": "170.5" } },
  { "place": "Mosgiel", "region": "NZ-OTA", "coordinates": { "lat": "-45.866667", "lon": "170.35" } },
  { "place": "Milton, NZ", "region": "NZ-OTA", "coordinates": { "lat": "-46.116667", "lon": "169.966667" } },
  { "place": "Balclutha, NZ", "region": "NZ-OTA", "coordinates": { "lat": "-46.233333", "lon": "169.75" } },
  { "place": "Gore, NZ", "region": "NZ-STL", "coordinates": { "lat": "-46.099167", "lon": "168.946389" } },
  { "place": "Mossburn", "region": "NZ-STL", "coordinates": { "lat": "-45.666667", "lon": "168.25" } }, 
  { "place": "Te Anau", "region": "NZ-STL", "coordinates": { "lat": "-45.416667", "lon": "167.716667" } },
  { "place": "Te Anau Downs", "region": "NZ-STL", "coordinates": { "lat": "-45.193375", "lon": "167.827869" } }, 
  { "place": "Milford Sound", "region": "NZ-STL", "coordinates": { "lat": "-44.675", "lon": "167.929444" } },
  { "place": "Queenstown, NZ", "region": "NZ-OTA", "coordinates": { "lat": "-45.031111", "lon": "168.6625" } },
  { "place": "Arrowtown", "region": "NZ-OTA", "coordinates": { "lat": "-44.9425", "lon": "168.835833" } },
  { "place": "Cromwell, NZ", "region": "NZ-OTA", "coordinates": { "lat": "-45.04", "lon": "169.2" } },
  { "place": "Clyde, NZ", "region": "NZ-OTA", "coordinates": { "lat": "-45.183333", "lon": "169.316667" } },
  { "place": "Alexandra, NZ", "region": "NZ-OTA", "coordinates": { "lat": "-45.249167", "lon": "169.379722" } },
  { "place": "Omakau", "region": "NZ-OTA", "coordinates": { "lat": "-45.116667", "lon": "169.6" } },
  { "place": "Ranfurly, NZ", "region": "NZ-OTA", "coordinates": { "lat": "-45.133333", "lon": "170.1" } },
  { "place": "Palmerston, NZ", "region": "NZ-OTA", "coordinates": { "lat": "-45.484026", "lon": "170.715265" } },
  { "place": "Waikouaiti", "region": "NZ-OTA", "coordinates": { "lat": "-45.594837", "lon": "170.672833" } },
  { "place": "Hampden, NZ", "region": "NZ-Otago", "coordinates": { "lat": "-45.3240359", "lon": "170.8174073" } },
  { "place": "Herbert, NZ", "region": "NZ-Otago", "coordinates": { "lat": "-45.2262791", "lon": "170.782106" } },
  { "place": "Oamuru, NZ", "region": "NZ-Otago", "coordinates": { "lat": "-45.0975118", "lon": "170.9704148" } },

  { "place": "WAW", "region": "PL-Masovian Voivodeship", "coordinates": { "lat": "52.1672369", "lon": "20.9678911" } },

  { "place": "TBU", "region": "TO-Tongatapu", "coordinates": { "lat": "-21.242525", "lon": "-175.142205" } },
  { "place": "Pelehake", "region": "TO-Tongatapu", "coordinates": { "lat": "-21.2170093", "lon": "-175.1395094" } },
  { "place": "Malapo", "region": "TO-Tongatapu", "coordinates": { "lat": "-21.2011031", "lon": "-175.155066" } },
  { "place": "Veitongo", "region": "TO-Tongatapu", "coordinates": { "lat": "-21.1856815", "lon": "-175.2140114" } },
  { "place": "Ha'ateiho", "region": "TO-Tongatapu", "coordinates": { "lat": "-21.179", "lon": "-175.23" } },
  { "place": "Pea, Tonga", "region": "TO-Tongatapu", "coordinates": { "lat": "-21.1729939", "lon": "-175.2386074" } },
  { "place": "Fanga-'o-Pilolevu", "region": "TO-Tongatapu", "coordinates": { "lat": "-21.1461957", "lon": "-175.2107743" } },
  { "place": "Nuku'alofa", "region": "TO-Tongatapu", "coordinates": { "lat": "-21.1333333", "lon": "-175.2" } },
  { "place": "Lakepa, Tonga", "region": "TO-Tongatapu", "coordinates": { "lat": "-21.1428939", "lon": "-175.278714" } },
  { "place": "Houma, Tonga", "region": "TO-Tongatapu", "coordinates": { "lat": "-21.1702999", "lon": "-175.3019883" } },
  { "place": "Liahona, Tonga", "region": "TO-Tongatapu", "coordinates": { "lat": "-21.1605902", "lon": "-175.2735406" } },
  { "place": "Veitongo, Tonga", "region": "TO-Tongatapu", "coordinates": { "lat": "-21.1856815", "lon": "-175.2140114" } },
  { "place": "Vaini, Tonga", "region": "TO-Tongatapu", "coordinates": { "lat": "-21.1935", "lon": "-175.1751534" } },
  { "place": "Hufangalupe, Tonga", "region": "TO-Tongatapu", "coordinates": { "lat": "-21.2297222", "lon": "-175.1902778" } },
  { "place": "Malapo, Tonga", "region": "TO-Tongatapu", "coordinates": { "lat": "-21.2011031", "lon": "-175.155066" } },
  { "place": "Alaki, Tonga", "region": "TO-Tongatapu", "coordinates": { "lat": "-21.1890438", "lon": "-175.1233" } },
  { "place": "Mua, Tonga", "region": "TO-Tongatapu", "coordinates": { "lat": "-21.1791667", "lon": "-175.1166667" } },
  { "place": "Hoi, Tonga", "region": "TO-Tongatapu", "coordinates": { "lat": "-21.1656494", "lon": "-175.1109778" } },
  { "place": "Puke, Tonga", "region": "TO-Tongatapu", "coordinates": { "lat": "-21.1328914", "lon": "-175.2399016" } },
  { "place": "Makaunga, Tonga", "region": "TO-Tongatapu", "coordinates": { "lat": "-21.1406414", "lon": "-175.1200576" } },
  { "place": "Talafo'ou, Tonga", "region": "TO-Tongatapu", "coordinates": { "lat": "-21.135383", "lon": "-175.118112" } },
  { "place": "Manuka, Tonga", "region": "TO-Tongatapu", "coordinates": { "lat": "-21.1222074", "lon": "-175.0993015" } },
  { "place": "Kolonga, Tonga", "region": "TO-Tongatapu", "coordinates": { "lat": "-21.1280141", "lon": "-175.0688019" } },
  { "place": "Niutoua, Tonga", "region": "TO-Tongatapu", "coordinates": { "lat": "-21.1413595", "lon": "-175.0421822" } },
  { "place": "Fatumu, Tonga", "region": "TO-Tongatapu", "coordinates": { "lat": "-21.213178", "lon": "-175.1096805" } },
  { "place": "Lavengatonga, Tonga", "region": "TO-Tongatapu", "coordinates": { "lat": "-21.2353999", "lon": "-175.1070859" } },
  { "place": "Pelehake, Tonga", "region": "TO-Tongatapu", "coordinates": { "lat": "-21.2170093", "lon": "-175.1395094" } },
  { "place": "Haveluliku, Tonga", "region": "TO-Tongatapu", "coordinates": { "lat": "-21.2044718", "lon": "-175.1041669" } },
  { "place": "Anahulu, Tonga", "region": "TO-", "coordinates": { "lat": "-21.2189404", "lon": "-175.1049372" } },

  { "place": "IAD", "region": "US-VA", "coordinates": { "lat": "38.953381", "lon": "-77.44771200000001" } },
  { "place": "JFK", "region": "US-NY", "coordinates": { "lat": "40.6413111", "lon": "-73.77813909999999" } },
  { "place": "LAX", "region": "US-CA", "coordinates": { "lat": "33.9415889", "lon": "-118.40853" } },
  { "place": "SEA", "region": "US-WA", "coordinates": { "lat": "47.44443", "lon": "-122.300497" } },
  { "place": "SFO", "region": "US-CA", "coordinates": { "lat": "37.615223", "lon": "-122.389979" } },
  { "place": "Mountain View, CA", "region": "US-CA", "coordinates": { "lat": "37.389444", "lon": "-122.081944" } },
  { "place": "Fremont, CA", "region": "US-CA", "coordinates": { "lat": "37.548333", "lon": "-121.988611" } },
  { "place": "Pleasanton, CA", "region": "US-CA", "coordinates": { "lat": "37.6625", "lon": "-121.874722" } },
  { "place": "Dublin, CA", "region": "US-CA", "coordinates": { "lat": "37.702222", "lon": "-121.935833" } },
  { "place": "San Ramon, CA", "region": "US-CA", "coordinates": { "lat": "37.78", "lon": "-121.978056" } },
  { "place": "Danville, CA", "region": "US-CA", "coordinates": { "lat": "37.821667", "lon": "-122" } },
  { "place": "Walnut Creek, CA", "region": "US-CA", "coordinates": { "lat": "37.906389", "lon": "-122.065" } },
  { "place": "Concord, CA", "region": "US-CA", "coordinates": { "lat": "37.978056", "lon": "-122.031111" } },
  { "place": "Martinez, CA", "region": "US-CA", "coordinates": { "lat": "38.019444", "lon": "-122.134167" } },
  { "place": "Benicia, CA", "region": "US-CA", "coordinates": { "lat": "38.063333", "lon": "-122.156111" } },
  { "place": "South Cordelia, CA", "region": "US-CA", "coordinates": { "lat": "38.207377", "lon": "-122.144837" } },
  { "place": "Fairfield, CA", "region": "US-CA", "coordinates": { "lat": "38.257778", "lon": "-122.054167" } },
  { "place": "Vacaville, CA", "region": "US-CA", "coordinates": { "lat": "38.353889", "lon": "-121.972778" } },
  { "place": "Davis, CA", "region": "US-CA", "coordinates": { "lat": "38.553889", "lon": "-121.738056" } },
  { "place": "Sacramento, CA", "region": "US-CA", "coordinates": { "lat": "38.555556", "lon": "-121.468889" } },
  { "place": "Elk Grove, CA", "region": "US-CA", "coordinates": { "lat": "38.438333", "lon": "-121.381944" } },
  { "place": "Galt, CA", "region": "US-CA", "coordinates": { "lat": "38.260833", "lon": "-121.303056" } }, 
  { "place": "Lodi, CA", "region": "US-CA", "coordinates": { "lat": "38.128889", "lon": "-121.280833" } }, 
  { "place": "Stockton, CA", "region": "US-CA", "coordinates": { "lat": "37.975556", "lon": "-121.300833" } }, 
  { "place": "Manteca, CA", "region": "US-CA", "coordinates": { "lat": "37.802778", "lon": "-121.220833" } }, 
  { "place": "Tracy, CA", "region": "US-CA", "coordinates": { "lat": "37.738056", "lon": "-121.433889" } }, 
  { "place": "Livermore, CA", "region": "US-CA", "coordinates": { "lat": "37.681944", "lon": "-121.768056" } }, 
  { "place": "Sunol, CA", "region": "US-CA", "coordinates": { "lat": "37.594444", "lon": "-121.888611" } }, 
  { "place": "Milpitas, CA", "region": "US-CA", "coordinates": { "lat": "37.434722", "lon": "-121.895" } },
  { "place": "Cupertino, CA", "region": "US-CA", "coordinates": { "lat": "37.3175", "lon": "-122.041944" } }, 
  { "place": "Saratoga, CA", "region": "US-CA", "coordinates": { "lat": "37.2725", "lon": "-122.019444" } }, 
  { "place": "Morgan Hill, CA", "region": "US-CA", "coordinates": { "lat": "37.130556", "lon": "-121.654444" } },
  { "place": "Los Gatos, CA", "region": "US-CA", "coordinates": { "lat": "37.236111", "lon": "-121.961667" } },
  { "place": "Lexington Reservoir", "region": "US-CA", "coordinates": { "lat": "37.202", "lon": "-121.99" } }, 
  { "place": "Scotts Valley, CA", "region": "US-CA", "coordinates": { "lat": "37.051389", "lon": "-122.013333" } }, 
  { "place": "Felton, CA", "region": "US-CA", "coordinates": { "lat": "37.051389", "lon": "-122.055833" } }, 
  { "place": "Santa Cruz, CA", "region": "US-CA", "coordinates": { "lat": "36.97205", "lon": "-122.026252" } },
  { "place": "Aptos, CA", "region": "US-CA", "coordinates": { "lat": "36.981389", "lon": "-121.9075" } }, 
  { "place": "Watsonville, CA", "region": "US-CA", "coordinates": { "lat": "36.92", "lon": "-121.763611" } }, 
  { "place": "Gilroy, CA", "region": "US-CA", "coordinates": { "lat": "37.011944", "lon": "-121.58" } },
  { "place": "San Martin, CA", "region": "US-CA", "coordinates": { "lat": "37.087778", "lon": "-121.6" } }, 
  { "place": "Sunnyvale, CA", "region": "US-CA", "coordinates": { "lat": "37.371111", "lon": "-122.0375" } },
  { "place": "Blossom Hill, CA", "region": "US-CA", "coordinates": { "lat": "37.2525", "lon": "-121.797778" } },
  { "place": "Palo Alto, CA", "region": "US-CA", "coordinates": { "lat": "37.4418834", "lon": "-122.1430195" } },
  { "place": "Stanford, CA", "region": "US-CA", "coordinates": { "lat": "37.42410599999999", "lon": "-122.1660756" } },
  { "place": "Los Altos Hills, CA", "region": "US-CA", "coordinates": { "lat": "37.3796627", "lon": "-122.1374637" } },
  { "place": "Sam McDonald County Park, CA", "region": "US-CA", "coordinates": { "lat": "37.2968781", "lon": "-122.2658638" } },
  { "place": "Memorial County Park, CA", "region": "US-CA", "coordinates": { "lat": "37.2763815", "lon": "-122.2965778" } },
  { "place": "Foothills Open Space Preserve, CA", "region": "US-CA", "coordinates": { "lat": "37.3511012", "lon": "-122.1731859" } },
  { "place": "Pescadero, CA", "region": "US-CA", "coordinates": { "lat": "37.2551636", "lon": "-122.3830152" } },
  { "place": "Pescadero State Beach, CA", "region": "US-CA", "coordinates": { "lat": "37.2540725", "lon": "-122.4155045" } },
  { "place": "San Gregario State Beach, CA", "region": "US-CA", "coordinates": { "lat": "37.322547", "lon": "-122.4022973" } },
  { "place": "Half Moon Bay, CA", "region": "US-CA", "coordinates": { "lat": "37.4635519", "lon": "-122.4285862" } },
  { "place": "San Mateo, CA", "region": "US-CA", "coordinates": { "lat": "37.5629917", "lon": "-122.3255254" } },
  { "place": "Redwood City, CA", "region": "US-CA", "coordinates": { "lat": "37.48521520000001", "lon": "-122.2363548" } },
  { "place": "Menlo Park, CA", "region": "US-CA", "coordinates": { "lat": "37.4529598", "lon": "-122.1817252" } },
  { "place": "Skylawn Cemetary, CA", "region": "US-CA", "coordinates": { "lat": "37.4972163", "lon": "-122.3717033" } },
  { "place": "Alviso, CA", "region": "US-CA", "coordinates": { "lat": "37.4261669", "lon": "-121.9761384" } },
  { "place": "San José, CA", "region": "US-CA", "coordinates": { "lat": "37.3393857", "lon": "-121.8949555" } },
  { "place": "Corporal, CA", "region": "US-CA", "coordinates": { "lat": "36.9296736", "lon": "-121.547997" } },
  { "place": "Prunedale, CA", "region": "US-CA", "coordinates": { "lat": "36.7757907", "lon": "-121.6696689" } },
  { "place": "Castroville, CA", "region": "US-CA", "coordinates": { "lat": "36.7619511", "lon": "-121.7517702" } },
  { "place": "Marina, CA", "region": "US-CA", "coordinates": { "lat": "36.68440289999999", "lon": "-121.802173" } },
  { "place": "Sargent, CA", "region": "US-CA", "coordinates": { "lat": "36.91832", "lon": "-121.550499" } },
  { "place": "Oak Hills, CA", "region": "US-CA", "coordinates": { "lat": "36.77778", "lon": "-121.715" } },
  { "place": "Sand City, CA", "region": "US-CA", "coordinates": { "lat": "36.6171819", "lon": "-121.8482855" } },
  { "place": "Monterey, CA", "region": "US-CA", "coordinates": { "lat": "36.6002378", "lon": "-121.8946761" } },
  { "place": "Carmel-by-the-Sea, CA", "region": "US-CA", "coordinates": { "lat": "36.5552386", "lon": "-121.9232879" } },
  { "place": "Notleys Landing, CA", "region": "US-CA", "coordinates": { "lat": "36.3982961", "lon": "-121.9035662" } },
  { "place": "Point Sur, CA", "region": "US-CA", "coordinates": { "lat": "36.3072232", "lon": "-121.9024944" } },
  { "place": "Big Sur, CA", "region": "US-CA", "coordinates": { "lat": "36.2704212", "lon": "-121.807976" } },
  { "place": "Posts, CA", "region": "US-CA", "coordinates": { "lat": "36.229279", "lon": "-121.762886" } },
  { "place": "Slates Hot Springs, CA", "region": "US-CA", "coordinates": { "lat": "36.1228349", "lon": "-121.636336" } },
  { "place": "Lucia, CA", "region": "US-CA", "coordinates": { "lat": "36.0206523", "lon": "-121.5489532" } },
  { "place": "Plaskett, CA", "region": "US-CA", "coordinates": { "lat": "35.91667", "lon": "-121.46778" } },
  { "place": "Gorda, CA", "region": "US-CA", "coordinates": { "lat": "35.8765304", "lon": "-121.4459342" } },
  { "place": "San Simeon, CA", "region": "US-CA", "coordinates": { "lat": "35.6438587", "lon": "-121.1907533" } },
  { "place": "Harmony, CA", "region": "US-CA", "coordinates": { "lat": "35.5085836", "lon": "-121.0226879" } },
  { "place": "Cayucos, CA", "region": "US-CA", "coordinates": { "lat": "35.4427511", "lon": "-120.8921254" } },
  { "place": "Morro Bay, CA", "region": "US-CA", "coordinates": { "lat": "35.3659445", "lon": "-120.8499924" } },
  { "place": "San Luis Obispo, CA", "region": "US-CA", "coordinates": { "lat": "35.2827524", "lon": "-120.6596156" } },
  { "place": "Sunset Palisades, CA", "region": "US-CA", "coordinates": { "lat": "35.1733085", "lon": "-120.6996182" } },
  { "place": "Shell Beach, CA", "region": "US-CA", "coordinates": { "lat": "35.1552532", "lon": "-120.672395" } },
  { "place": "Pismo Beach, CA", "region": "US-CA", "coordinates": { "lat": "35.1427533", "lon": "-120.6412827" } },
  { "place": "Arroyo Grande, CA", "region": "US-CA", "coordinates": { "lat": "35.1185868", "lon": "-120.5907252" } },
  { "place": "Nipomo, CA", "region": "US-CA", "coordinates": { "lat": "35.0427547", "lon": "-120.4759986" } },
  { "place": "Santa Maria, CA", "region": "US-CA", "coordinates": { "lat": "34.9530337", "lon": "-120.4357191" } },
  { "place": "Los Alamos, CA", "region": "US-CA", "coordinates": { "lat": "34.7444264", "lon": "-120.2782114" } },
  { "place": "Buellton, CA", "region": "US-CA", "coordinates": { "lat": "34.613597", "lon": "-120.1926505" } },
  { "place": "Las Cruces, CA", "region": "US-CA", "coordinates": { "lat": "34.5080556", "lon": "-120.2291667" } },
  { "place": "Lompoc, CA", "region": "US-CA", "coordinates": { "lat": "34.6391501", "lon": "-120.4579409" } },
  { "place": "Gaviota, CA", "region": "US-CA", "coordinates": { "lat": "34.4716558", "lon": "-120.2148716" } },
  { "place": "El Capitan State Beach, CA", "region": "US-CA", "coordinates": { "lat": "34.4811399", "lon": "-120.0091742" } },
  { "place": "Goleta, CA", "region": "US-CA", "coordinates": { "lat": "34.4358294", "lon": "-119.8276389" } },
  { "place": "Santa Barbara, CA", "region": "US-CA", "coordinates": { "lat": "34.4208305", "lon": "-119.6981901" } },
  { "place": "Carpinteria, CA", "region": "US-CA", "coordinates": { "lat": "34.39888380000001", "lon": "-119.5184564" } },
  { "place": "Ventura, CA", "region": "US-CA", "coordinates": { "lat": "34.274646", "lon": "-119.2290316" } },
  { "place": "Oxnard, CA", "region": "US-CA", "coordinates": { "lat": "34.1975048", "lon": "-119.1770516" } },
  { "place": "Malibu, CA", "region": "US-CA", "coordinates": { "lat": "34.0259216", "lon": "-118.7797571" } },
  { "place": "Santa Monica, CA", "region": "US-CA", "coordinates": { "lat": "34.0194543", "lon": "-118.4911912" } },
  { "place": "Culver City, CA", "region": "US-CA", "coordinates": { "lat": "34.0211224", "lon": "-118.3964665" } },
  { "place": "Inglewood, CA", "region": "US-CA", "coordinates": { "lat": "33.9616801", "lon": "-118.3531311" } },
  { "place": "Bear Creek Redwoods", "region": "US-CA", "coordinates": { "lat": "37.1803174", "lon": "-122.0041718" } },

  { "place": "APW", "region": "WS-Upolu", "coordinates": { "lat": "-13.83045", "lon": "-172.0081099" } },
  { "place": "Apia", "region": "WS-Upolu", "coordinates": { "lat": "-13.8333333", "lon": "-171.75" } },
  { "place": "Fasito'otai", "region": "WS-Upolu", "coordinates": { "lat": "-13.8283677", "lon": "-171.9664367" } },
  { "place": "Fasito'outa", "region": "WS-Upolu", "coordinates": { "lat": "-13.812", "lon": "-171.941" } },
  { "place": "Faleasiu", "region": "WS-Upolu", "coordinates": { "lat": "-13.8072222", "lon": "-171.9283333" } },
  { "place": "Saleimoa", "region": "WS-Upolu", "coordinates": { "lat": "-13.7982691", "lon": "-171.8818453" } },
  { "place": "Fale'ula", "region": "WS-Upolu", "coordinates": { "lat": "-13.7973358", "lon": "-171.8319995" } },
  { "place": "Vaigaga", "region": "WS-Upolu", "coordinates": { "lat": "-13.824202", "lon": "-171.7971556" } },

]

